Release, S_B, NS_B, S_NB, NS_NB, Odds_ratio, p-value
1.0.1, 9, 3, 17, 26, 4.588235294117647, 0.04848
2.0.0-alpha, 4, 1, 29, 27, 3.7241379310344827, 0.36258
2.2.0, 0, 0, 39, 29, nan, 1.0
3.0.0, 0, 0, 41, 29, nan, 1.0
