Release, S_B, NS_B, S_NB, NS_NB, Odds_ratio, p-value
5.0.2, 3, 2, 96, 191, 2.984375, 0.34064
5.11.2, 0, 0, 141, 181, nan, 1.0
5.14.3, 0, 2, 88, 187, 0.0, 1.0
5.17.2, 2, 8, 88, 181, 0.5142045454545454, 0.50859
5.18.3, 1, 0, 92, 189, inf, 0.32979
5.4.6, 14, 6, 98, 182, 4.333333333333333, 0.00311
5.6.2, 0, 0, 114, 187, nan, 1.0
5.9.2, 11, 2, 116, 183, 8.676724137931034, 0.00221
6.1.1, 2, 7, 102, 177, 0.4957983193277311, 0.49591
master, 0, 0, 105, 184, nan, 1.0
