Release, S_B, NS_B, S_NB, NS_NB, Odds_ratio, p-value
0.4.4, 3, 2, 1, 19, 28.5, 0.01621
1.3.0-1, 0, 0, 22, 15, nan, 1.0
1.3.2-2, 0, 0, 22, 15, nan, 1.0
1.3.3-1, 1, 1, 22, 14, 0.6363636363636364, 1.0
1.3.4-1, 6, 1, 22, 12, 3.272727272727273, 0.39855
1.3.4-8, 0, 0, 28, 13, nan, 1.0
1.3.5-3, 4, 1, 24, 12, 2.0, 1.0
1.3.7-1, 0, 0, 28, 13, nan, 1.0
1.3.8-1, 0, 0, 28, 13, nan, 1.0
1.4.0-1, 0, 0, 29, 13, nan, 1.0
master, 0, 0, 29, 13, nan, 1.0
